compactness,k2
0.001,0.2165038203147019
0.07575,0.13491899806521052
0.1505,0.07209752484986698
0.22525,0.02204345286447326
0.3,-0.018493563864625102
